Workbook

Sheet Raw Data
A1: E-COMMERCE CONVERSION RATE TRACKER — FY 2024
A2: Monthly funnel data: Traffic → Sessions → Add-to-Cart → Checkout → Purchase
A4: Month | B4: Total Visitors | C4: Sessions | D4: Add-to-Cart | E4: Checkouts | F4: Orders | G4: Revenue ($) | H4: Avg Order Value | I4: Session→Cart % | J4: Cart→Checkout % | K4: Overall CVR %
A5: Jan | B5: 124000 | C5: 98000 | D5: 18600 | E5: 11160 | F5: 7812 | G5: 312480 | H5: =IFERROR(G5/F5,0) -> 40 | I5: =IFERROR(D5/C5,0) -> 0.18979592 | J5: =IFERROR(E5/D5,0) -> 0.6 | K5: =IFERROR(F5/B5,0) -> 0.063
A6: Feb | B6: 131000 | C6: 104000 | D6: 20280 | E6: 12370 | F6: 8659 | G6: 346360 | H6: =IFERROR(G6/F6,0) -> 40 | I6: =IFERROR(D6/C6,0) -> 0.195 | J6: =IFERROR(E6/D6,0) -> 0.60996055 | K6: =IFERROR(F6/B6,0) -> 0.066099237
A7: Mar | B7: 118000 | C7: 93000 | D7: 17670 | E7: 10600 | F7: 7420 | G7: 296800 | H7: =IFERROR(G7/F7,0) -> 40 | I7: =IFERROR(D7/C7,0) -> 0.19 | J7: =IFERROR(E7/D7,0) -> 0.59988681 | K7: =IFERROR(F7/B7,0) -> 0.062881356
A8: Apr | B8: 142000 | C8: 112000 | D8: 22400 | E8: 13440 | F8: 9408 | G8: 376320 | H8: =IFERROR(G8/F8,0) -> 40 | I8: =IFERROR(D8/C8,0) -> 0.2 | J8: =IFERROR(E8/D8,0) -> 0.6 | K8: =IFERROR(F8/B8,0) -> 0.066253521
A9: May | B9: 155000 | C9: 122000 | D9: 25620 | E9: 15372 | F9: 10760 | G9: 430400 | H9: =IFERROR(G9/F9,0) -> 40 | I9: =IFERROR(D9/C9,0) -> 0.21 | J9: =IFERROR(E9/D9,0) -> 0.6 | K9: =IFERROR(F9/B9,0) -> 0.069419355
A10: Jun | B10: 168000 | C10: 133000 | D10: 28390 | E10: 17034 | F10: 11924 | G10: 476960 | H10: =IFERROR(G10/F10,0) -> 40 | I10: =IFERROR(D10/C10,0) -> 0.21345865 | J10: =IFERROR(E10/D10,0) -> 0.6 | K10: =IFERROR(F10/B10,0) -> 0.07097619
A11: Jul | B11: 172000 | C11: 136000 | D11: 29920 | E11: 17952 | F11: 12566 | G11: 502640 | H11: =IFERROR(G11/F11,0) -> 40 | I11: =IFERROR(D11/C11,0) -> 0.22 | J11: =IFERROR(E11/D11,0) -> 0.6 | K11: =IFERROR(F11/B11,0) -> 0.07305814
A12: Aug | B12: 161000 | C12: 127000 | D12: 27940 | E12: 16764 | F12: 11735 | G12: 469400 | H12: =IFERROR(G12/F12,0) -> 40 | I12: =IFERROR(D12/C12,0) -> 0.22 | J12: =IFERROR(E12/D12,0) -> 0.6 | K12: =IFERROR(F12/B12,0) -> 0.072888199
A13: Sep | B13: 178000 | C13: 141000 | D13: 31020 | E13: 18612 | F13: 13028 | G13: 521120 | H13: =IFERROR(G13/F13,0) -> 40 | I13: =IFERROR(D13/C13,0) -> 0.22 | J13: =IFERROR(E13/D13,0) -> 0.6 | K13: =IFERROR(F13/B13,0) -> 0.073191011
A14: Oct | B14: 195000 | C14: 154000 | D14: 34650 | E14: 20790 | F14: 14553 | G14: 582120 | H14: =IFERROR(G14/F14,0) -> 40 | I14: =IFERROR(D14/C14,0) -> 0.225 | J14: =IFERROR(E14/D14,0) -> 0.6 | K14: =IFERROR(F14/B14,0) -> 0.074630769
A15: Nov | B15: 231000 | C15: 183000 | D15: 45750 | E15: 27450 | F15: 19215 | G15: 768600 | H15: =IFERROR(G15/F15,0) -> 40 | I15: =IFERROR(D15/C15,0) -> 0.25 | J15: =IFERROR(E15/D15,0) -> 0.6 | K15: =IFERROR(F15/B15,0) -> 0.083181818
A16: Dec | B16: 287000 | C16: 228000 | D16: 68400 | E16: 41040 | F16: 28728 | G16: 1149120 | H16: =IFERROR(G16/F16,0) -> 40 | I16: =IFERROR(D16/C16,0) -> 0.3 | J16: =IFERROR(E16/D16,0) -> 0.6 | K16: =IFERROR(F16/B16,0) -> 0.10009756
A17: ANNUAL TOTAL / AVG | B17: =SUM(B5:B16) -> 2062000 | C17: =SUM(C5:C16) -> 1631000 | D17: =SUM(D5:D16) -> 370640 | E17: =SUM(E5:E16) -> 222584 | F17: =SUM(F5:F16) -> 155808 | G17: =SUM(G5:G16) -> 6232320 | H17: =IFERROR(G17/F17,0) -> 40 | I17: =IFERROR(AVERAGE(I5:I16),0) -> 0.21943788 | J17: =IFERROR(AVERAGE(J5:J16),0) -> 0.60082061 | K17: =IFERROR(F17/B17,0) -> 0.075561591

Sheet Dashboard
A1: 🛒 E-COMMERCE CONVERSION RATE DASHBOARD
A2: FY 2024 | Funnel Performance | Key Metrics at a Glance
A4: Total Visitors | D4: Total Orders | G4: Total Revenue | J4: Avg Order Value | M4: Overall CVR
A5: ='Raw Data'!B17 -> 2062000 | D5: ='Raw Data'!F17 -> 155808 | G5: ='Raw Data'!G17 -> 6232320 | J5: ='Raw Data'!H17 -> 40 | M5: ='Raw Data'!K17 -> 0.075561591

Sheet Funnel Analysis
A1: CONVERSION FUNNEL ANALYSIS — STAGE DROP-OFF
A2: How many users drop off at each stage of the purchase journey
A4: Stage | B4: Avg Users (Annual) | C4: Drop-Off Users | D4: Drop-Off % | E4: Retained % | F4: Benchmark % | G4: Status
A5: Total Visitors | B5: ='Raw Data'!B17/12 -> 171833.33 | C5: — | D5: — | E5: — | F5: 100% | G5: Baseline
A6: Sessions | B6: ='Raw Data'!C17/12 -> 135916.67 | C6: =B5-B6 -> 35916.667 | D6: =IFERROR(C6/B5,0) -> 0.20902037 | E6: =1-D6 -> 0.79097963 | F6: 97% | G6: =IF(E6>=0.97,"✅ On Track","⚠️ Needs Work") -> ⚠️ Needs Work
A7: Add-to-Cart | B7: ='Raw Data'!D17/12 -> 30886.667 | C7: =B6-B7 -> 105030 | D7: =IFERROR(C7/B5,0) -> 0.61123181 | E7: =1-D7 -> 0.38876819 | F7: 25% | G7: =IF(E7>=0.25,"✅ On Track","⚠️ Needs Work") -> ✅ On Track
A8: Checkout | B8: ='Raw Data'!E17/12 -> 18548.667 | C8: =B7-B8 -> 12338 | D8: =IFERROR(C8/B5,0) -> 0.071802134 | E8: =1-D8 -> 0.92819787 | F8: 13% | G8: =IF(E8>=0.13,"✅ On Track","⚠️ Needs Work") -> ✅ On Track
A9: Orders | B9: ='Raw Data'!F17/12 -> 12984 | C9: =B8-B9 -> 5564.6667 | D9: =IFERROR(C9/B5,0) -> 0.032384093 | E9: =1-D9 -> 0.96761591 | F9: 5.5% | G9: =IF(E9>=0.055,"✅ On Track","⚠️ Needs Work") -> ✅ On Track

Sheet Channel Breakdown
A1: CONVERSION RATE BY TRAFFIC CHANNEL
A2: Annual aggregated performance by acquisition channel — replace with your actual channel data
A4: Channel | B4: Visitors | C4: Sessions | D4: Orders | E4: Revenue ($) | F4: CVR % | G4: Avg Order ($) | H4: Revenue Share %
A5: Organic Search | B5: 412000 | C5: 326000 | D5: 43200 | E5: 1728000 | F5: =IFERROR(D5/B5,0) -> 0.10485437 | G5: =IFERROR(E5/D5,0) -> 40 | H5: =IFERROR(E5/SUM($E$5:$E$11),0) -> 0.30873407
A6: Paid Search | B6: 298000 | C6: 238000 | D6: 35700 | E6: 1428000 | F6: =IFERROR(D6/B6,0) -> 0.11979866 | G6: =IFERROR(E6/D6,0) -> 40 | H6: =IFERROR(E6/SUM($E$5:$E$11),0) -> 0.2551344
A7: Email | B7: 187000 | C7: 165000 | D7: 28500 | E7: 999750 | F7: =IFERROR(D7/B7,0) -> 0.15240642 | G7: =IFERROR(E7/D7,0) -> 35.078947 | H7: =IFERROR(E7/SUM($E$5:$E$11),0) -> 0.17862088
A8: Direct | B8: 156000 | C8: 132000 | D8: 18720 | E8: 624000 | F8: =IFERROR(D8/B8,0) -> 0.12 | G8: =IFERROR(E8/D8,0) -> 33.333333 | H8: =IFERROR(E8/SUM($E$5:$E$11),0) -> 0.1114873
A9: Social Media | B9: 213000 | C9: 178000 | D9: 14910 | E9: 447300 | F9: =IFERROR(D9/B9,0) -> 0.07 | G9: =IFERROR(E9/D9,0) -> 30 | H9: =IFERROR(E9/SUM($E$5:$E$11),0) -> 0.079917099
A10: Referral | B10: 76000 | C10: 64000 | D10: 7600 | E10: 228000 | F10: =IFERROR(D10/B10,0) -> 0.1 | G10: =IFERROR(E10/D10,0) -> 30 | H10: =IFERROR(E10/SUM($E$5:$E$11),0) -> 0.040735745
A11: Display Ads | B11: 142000 | C11: 118000 | D11: 5680 | E11: 142000 | F11: =IFERROR(D11/B11,0) -> 0.04 | G11: =IFERROR(E11/D11,0) -> 25 | H11: =IFERROR(E11/SUM($E$5:$E$11),0) -> 0.025370508
A12: TOTAL | B12: =SUM(B5:B11) -> 1484000 | C12: =SUM(C5:C11) -> 1221000 | D12: =SUM(D5:D11) -> 154310 | E12: =SUM(E5:E11) -> 5597050 | F12: =IFERROR(D12/B12,0) -> 0.10398248 | G12: =IFERROR(E12/D12,0) -> 36.271467 | H12: 100.0%

Sheet Insights & Actions
A1: INSIGHTS & OPTIMIZATION RECOMMENDATIONS
A3: 📈 CVR Growth | B3: Nov–Dec saw CVR spike to 8.3%–10%. Holiday campaigns significantly boosted purchase intent — replicate seasonal urgency tactics year-round.
A4: ⚠️ Cart Abandonment | B4: 60% of users who add to cart don't reach checkout. Implement cart abandonment email sequences (send within 1 hr, 24 hr, 72 hr) with discount incentive.
A5: 🔍 Best Channel | B5: Organic Search drives the highest revenue share (30%) and a strong CVR of 10.5%. Invest more in SEO content and blog-to-product linking.
A6: 📉 Weakest Channel | B6: Display Ads deliver only 4.0% of revenue with a 4.0% CVR. Audit display creatives and landing page relevance; consider reallocating budget.
A7: 💳 AOV Opportunity | B7: Avg Order Value is $40. Introduce upsell bundles, free shipping thresholds at $50+, and product recommendation carousels on checkout page.
A8: ✅ Q1 Dip Recovery | B8: Jan–Mar shows a seasonal dip in CVR. Plan a New Year sale event in Jan and a Valentine's Day promotion in Feb to maintain conversion momentum.
A9: 📧 Email Performance | B9: Email channel converts at 15.2% — the highest of all channels. Grow email list with lead magnets and increase send frequency during peak periods.
